id;pan_number;aadhaar_number;aadhaar_name;birth_date;image_url;created_at;updated_at
1;mission-critica;proactive Re;Team-oriented;2022-01-08;matrix;2022-01-08T15:09:22;2022-01-08T13:02:18
2;Fresh Dakota Fo;national pay;Kansas Engineer;2022-01-09;Sri;2022-01-08T22:18:03;2022-01-09T04:54:47
3;application Reg;Liaison Acco;Coordinator firewall;2022-01-08;Account Wooden copying;2022-01-09T04:25:22;2022-01-08T11:50:16
4;Refined;synergies Fi;Paradigm;2022-01-09;Salad;2022-01-08T10:13:39;2022-01-09T04:33:21
5;Rubber SCSI;invoice over;Dynamic Qatari;2022-01-08;parsing Fantastic;2022-01-08T14:54:38;2022-01-08T23:23:14
6;generate;Lane;Idaho SDD;2022-01-08;Representative blue;2022-01-08T12:37:44;2022-01-08T22:34:34
7;compress;Market;Plains Orchestrator Bike;2022-01-09;utilisation Engineer Assimilated;2022-01-08T17:23:38;2022-01-09T03:43:36
8;foreground;Peru;Guernsey Factors;2022-01-08;homogeneous Kwacha;2022-01-09T00:51:25;2022-01-08T20:00:34
9;Colorado Loan A;wireless Mov;plug-and-play Ergonomic Engineer;2022-01-09;systemic Spring;2022-01-08T10:29:59;2022-01-09T03:02:42
10;Solutions;Won Computer;extensible invoice Corporate;2022-01-09;Fresh Mountains;2022-01-08T13:16:58;2022-01-08T09:32:12
