id;to_name;address_1;address_2;city;landmark;postal_code;is_indian_address;note
1;Iowa Frozen Games;SSL;Mobility;South Cruz;system programming;bypass;false;cutting-edge iterate gold
2;1080p withdrawal;azure;Principal;Lake Alessandrahaven;Via;neural wir;true;violet deposit
3;Concrete Stand-alone indexing;calculating invoice SAS;Mouse Fresh;Eloisaville;Solomon parse;Forks;false;PCI generate copy
4;transmit Nebraska;Rubber;transparent Honduras Division;South Weldonland;vertical matrix Specialist;deposit un;false;channels
5;monetize withdrawal Refined;info-mediaries state;North paradigms Account;Volkmanton;Bedfordshire Canada;Borders;false;gold
6;Chicken;Chair Handmade Berkshire;payment;South Shanefurt;disintermediate Officer;primary by;true;Solutions Burg
7;Future;United parse hack;group bypassing parse;Cronaview;deposit wireless connecting;Hryvnia vi;false;value-added Awesome
8;copy;Nigeria calculating;Technician Pizza;Charlesview;portals Chips Analyst;archive;false;definition deposit
9;Drives;Franc Engineer;Unbranded forecast Data;Lompoc;generation;Up-sized C;false;withdrawal
10;Directives ivory Comoro;Customer Cambridgeshire;generating;Harmonfurt;Avon Future;Massachuse;false;Cheese User-friendly
